Input_1,Input_2,Input_3,Input_4,Input_5,Input_6,Purity_Output (%)
28.94146785,38.31540947,0,3,1,18.88673968,84.10863517
56.38263219,16.77431875,0,5,1,9.120691619,87.15365322
22.55808542,34.03805265,0,3,1,1.579552523,76.78149506
52.6509355,29.66285672,0,4,1,0,83.54548281
52.62799546,37.56740938,1,5,1,18.89706978,88.02472322
53.49878385,24.95760885,0,2,1,1.783803882,84.33469035
14.82426024,21.26759537,0,6,1,0,85.07801908
45.65640594,28.45149306,1,6,1,4.147802192,92.05800926
47.03782357,30.12176044,0,5,1,0,84.30331978
29.84758698,23.77574604,0,5,1,13.02629682,78.74985571
9.478123185,26.1479456,0,6,1,2.577799584,89.54014693
13.79909393,18.27475169,0,3,1,22.27014856,83.4779394
47.86548778,30.12837158,0,3,1,6.754142283,89.04816263
23.23777691,27.57172468,0,5,1,0,84.76420525
40.40749609,15.73187058,1,5,1,0,88.0012494
55.22266425,13.45760596,1,2,1,13.2103656,91.25817601
22.37221457,16.70757133,0,6,1,7.805613526,86.22120436
44.15268848,30.83716913,0,4,1,0,82.81442806
21.87970409,36.07441,1,4,1,0,84.53163703
50.98030407,25.67769851,0,6,1,15.87277675,76.090638
8.575516857,10.16637112,1,6,1,0,77.72853179
23.33475049,30.31380042,0,1,1,0,82.63000429
62.23995275,27.83621242,1,6,1,13.40798843,87.67514389
37.16032149,29.04372153,1,3,1,6.638319525,83.49983207
54.79891196,17.2540729,1,3,1,0,91.90702707
37.12901305,23.6821828,0,4,1,0.323874225,78.8868925
51.33963602,5.141633842,0,5,1,5.593208016,83.76887736
26.07785826,39.70341333,1,4,1,26.7814019,79.55604344
49.79530795,28.91306003,0,1,1,14.23139929,91.31600405
42.64474003,32.62817946,0,2,1,12.53863954,80.07258761
9.552711658,26.02041445,0,5,0,3.152421684,79.08726547
47.42856032,30.39974234,0,1,1,9.386365822,83.42622687
22.30612454,36.27464503,1,1,1,7.994989664,91.66755015
28.23310021,31.70892124,1,2,1,11.29698865,79.33312439
15.99032945,13.18147521,1,1,1,16.40501143,78.31573882
58.98204572,42.06755114,0,4,1,9.254620512,91.84741527
41.38846055,41.70620393,0,5,1,5.676581832,83.55292793
35.15880263,39.69722219,1,1,1,11.14343573,87.59713656
31.51941334,43.10975598,0,2,1,4.102502792,85.44309123
28.71560735,13.41382377,1,6,1,7.942665017,87.44161859
36.78758272,37.77350389,0,6,1,12.08261302,83.73046761
20.53107593,19.38486977,0,1,1,4.536137461,87.04032398
36.5126713,28.81308521,0,4,1,0,89.33865576
13.7234526,31.6315114,0,2,1,15.25309206,85.73222379
23.17972681,40.99678903,1,1,1,13.5076273,77.77240471
49.05053813,45.90447766,0,3,0,4.799150012,83.90105022
40.37322838,34.03346786,0,1,1,0,85.09971813
2.607229262,37.14188448,0,2,1,31.85987869,87.88324751
27.74145287,38.15080116,0,5,1,0,84.03376737
43.51454476,20.4204231,1,3,0,20.61186981,81.58651188
6.219591501,23.86055943,1,4,1,17.78995724,90.99212814
32.11184909,40.3175528,1,2,1,0,94.9863536
24.05564015,21.67802796,1,5,1,3.202006583,80.34745352
35.48513121,28.7981624,1,5,1,1.142303701,84.12011685
44.77514746,45.36575111,0,1,1,16.82685639,83.8484552
20.5641027,18.87060713,0,6,1,0,81.09978556
29.61185041,35.3842956,0,6,1,0,84.40705066
40.36720727,25.88842656,0,4,1,3.284078589,78.48952088
30.95871275,37.85373407,1,6,1,6.789536417,86.22664828
38.52921059,34.56297188,0,1,1,16.4212792,84.96793562
7.99366006,36.36938592,0,2,1,7.413281914,87.91362419
46.7869279,24.46399287,0,3,1,30.45374178,84.98304394
62.48955043,28.47852283,1,3,1,2.209453374,92.08064272
17.73602835,33.64542812,0,1,1,0,77.1061386
47.97692672,22.87900166,1,2,1,1.529641625,77.74768187
72.87671432,28.01563142,1,5,1,35.3795102,91.34865938
21.5082233,31.58126229,0,5,1,5.779608405,86.85648207
45.98505791,24.16413544,0,2,1,0,84.60589072
21.71071934,32.49906486,0,1,1,1.68206407,82.36780791
28.01123853,14.9656992,0,4,1,17.45682822,86.61302869
55.79071025,34.08788635,0,1,1,1.312873292,83.94352063
37.44612183,36.15320416,1,3,1,0,90.23349264
32.20066056,39.17683079,0,3,1,3.792555296,76.32343652
55.00211697,36.80435374,0,2,1,9.293545804,83.57386357
37.69091234,39.14618077,1,6,1,3.49055828,81.38294963
13.07159512,36.14534198,1,5,1,10.89154322,80.64946294
3.277601156,10.3416659,0,4,1,1.27192504,85.55521107
43.06746816,18.2247446,1,4,1,19.55763123,84.43269021
24.00783158,27.95617684,0,6,1,0,75.56134873
44.75708212,25.75183464,0,6,1,0,77.25409324
42.48339389,35.28983472,1,1,1,1.607591292,89.21076742
30.2374571,28.47379207,0,1,1,10.99884468,87.92235073
14.74518021,10.65812599,0,2,1,9.966886994,81.71660931
21.87491013,13.99621789,1,1,1,20.44080827,90.26448519
12.17298644,25.22701241,0,4,1,8.487757368,86.2424583
23.66181207,44.04398795,1,3,1,7.013223435,86.8876416
58.15108719,39.4043486,1,4,1,8.278948481,96.94083993
26.9336229,15.36101132,0,6,1,0,90.65801939
26.41713308,17.87263785,0,1,1,2.43243027,91.24964517
54.75265842,30.90034065,1,1,1,0,83.63282512
37.50400906,23.96589471,0,3,1,14.18297482,88.90614908
21.09472035,33.92339132,1,6,1,0,80.56055973
16.9239424,10.00910168,1,2,1,7.125016223,87.37208887
38.22393111,28.58096928,0,5,1,5.642017065,90.6892621
43.04579592,39.55000255,1,2,1,0,87.66417322
57.48705192,35.77455819,1,2,1,0,84.68638194
22.33019466,33.3085952,0,2,1,20.88605017,88.6559416
27.85629703,33.79532932,1,4,1,0,82.59735833
28.90634935,18.31757591,1,4,1,0,83.8569841
15.75314695,11.03173569,1,4,1,0,80.98975926
12.34452507,30.17311894,0,3,1,0,89.24396884
29.25505814,8.481837216,0,3,1,19.87972235,83.74388327
40.28430575,33.77836373,0,1,1,0,80.38966787
20.31362574,9.649270191,0,4,1,2.382561368,76.20699181
12.14885619,34.12988909,0,4,1,12.05794312,82.62825133
43.64018709,27.75637118,1,4,1,2.201910014,86.6891167
23.09383925,40.73558165,1,5,1,7.380794457,88.85529333
17.67106352,40.20786023,1,4,1,22.6425441,84.0632839
37.5245395,31.47884974,1,2,1,6.167162832,79.61373463
26.48191147,36.94345938,0,3,1,0,86.59405554
17.59490627,14.38013755,1,4,1,0.187506455,84.83856979
59.010167,10.55676339,1,5,1,14.19266618,77.22825517
48.00255187,34.36520467,0,4,1,10.09630297,95.99221817
43.1270789,41.82210056,0,2,1,1.707692455,79.02205019
38.51106834,7.830247616,0,6,1,1.918491331,89.62962721
60.37118848,32.66261687,0,1,1,9.634542957,81.78533475
9.627795993,13.93253604,1,2,1,0,80.49856384
52.31222864,22.2690369,0,4,1,6.350989941,75.4251437
39.09480975,36.15001445,0,6,1,5.421222022,81.48480642
24.67382257,30.17725315,0,2,1,0,90.28840837
46.7173104,8.502814895,0,1,1,0,91.12557126
29.83591434,46.57336355,0,3,1,0.92773339,88.12106835
32.2411741,38.03486361,0,1,1,4.726888297,76.45503446
43.27271133,27.37403581,0,3,1,13.12732856,89.5239946
23.23420095,16.5475911,0,6,1,21.22484016,80.17632602
70.8094255,22.26757079,1,4,1,5.466085399,90.2661346
20.63047565,27.26501951,0,6,1,16.2977452,85.01499359
18.85113897,17.92161303,0,1,1,13.37227577,84.50536745
39.96566234,13.74069681,1,4,1,1.633756857,85.65973544
22.1517201,19.07956144,0,3,1,0,89.27491419
25.27351967,22.00270124,1,5,1,7.869314249,89.69927971
31.09067921,21.59152962,0,3,1,0,85.65894543
23.54994544,19.86259084,1,4,1,0,87.1062922
28.04730344,47.22917611,1,1,1,17.6802721,89.56710808
28.67018359,38.11840289,0,5,1,0,86.47085234
23.89499121,29.2355114,0,6,1,1.338418647,86.11326871
19.05737298,39.68584039,0,6,1,6.302267758,88.12131162
49.77535386,31.47023625,0,2,1,28.62636519,87.89007922
41.64110319,27.96238948,1,3,1,3.114486164,86.78372713
35.01055702,19.0840053,0,6,1,0,80.22838363
21.46940771,31.60263816,0,4,1,7.088328858,83.07709038
22.99313052,25.62661846,0,3,1,0,90.22329274
40.90133659,28.42158498,1,6,1,13.08749918,85.90253828
55.32378524,14.2479357,0,6,1,16.41989792,77.393864
20.14167359,38.64450709,0,3,1,3.444348729,86.04430667
42.06240714,10.08623603,1,4,1,0,84.85545815
49.50923554,35.83674575,1,3,1,5.605686753,81.07336519
42.67815456,29.37313228,0,5,1,11.61234686,87.27768163
21.66521722,29.69637563,0,1,1,0,69.26859318
9.527320714,42.14429622,0,3,1,1.951056861,81.33549748
20.9758841,40.49950319,0,4,1,0,90.52061624
32.5578708,21.77443624,0,6,1,1.248329089,82.40552331
39.73565188,23.97363668,0,6,1,10.4374634,94.72721172
41.3115172,36.75929823,0,1,1,3.11143617,83.71013004
23.9971282,12.5965843,1,5,0,20.02111357,88.22951373
1.908336349,20.42618995,1,4,1,7.106009472,92.28851759
37.08687807,30.38010819,1,5,1,16.24753646,89.45043763
10.98996175,23.11484628,0,6,1,6.344806138,89.92753674
38.84340428,33.10032987,0,1,1,2.248263923,97.31670235
41.56770627,5.894059247,1,3,1,9.644579894,84.03190111
40.55680873,18.38681861,0,3,1,16.55872799,83.12152161
34.99386881,23.44604832,0,4,1,8.152550752,78.70290143
29.39868654,27.88437732,0,1,1,26.39738653,85.38503623
26.68743016,34.61007175,0,3,1,0,80.15028021
49.93303774,10.499105,0,3,1,0.629561185,88.8816368
65.80258004,7.322094845,1,2,1,0.883898142,79.44703572
18.17312011,31.57059835,0,2,1,1.396232729,76.33833633
5.779208425,59.0090719,0,5,1,14.40908307,85.17091497
44.54356528,27.0113571,1,4,1,6.624088524,91.46561147
22.80506455,22.52596126,0,6,1,2.246191181,76.70593559
48.70294831,20.61019966,0,4,1,7.035422823,83.14035027
25.7810246,35.08835916,0,2,1,4.443444321,82.1195457
22.91908053,13.19249208,1,1,1,1.811493151,87.91656403
31.87930402,33.25316842,0,3,1,11.08053738,84.54876506
1,10.21763292,0,5,1,9.431879679,88.8570421
63.18547746,30.68603615,1,4,1,13.98667678,88.88674052
43.0611768,23.46928858,1,6,1,6.670198595,78.44643991
30.65181496,43.43604533,0,5,1,11.32290836,86.0864732
37.99119139,42.17536702,0,1,0,18.03120258,86.06792119
49.06137729,28.32615253,1,1,1,4.740763462,84.59682123
1,36.86108746,0,4,1,0,86.88259731
43.04644915,33.33142642,1,2,1,17.2349847,81.24175217
43.22079698,39.08503223,0,6,1,24.85352258,82.95473543
70.70877999,24.26590253,1,1,1,6.838154273,78.20806308
27.68381718,25.91013497,1,4,0,8.568171994,89.8823397
43.07829248,16.09685699,0,2,1,10.02941525,89.56266037
48.02493655,26.46991228,0,5,1,12.63196817,94.15966239
33.81253438,35.95495385,0,3,1,12.59262664,81.23062517
73.64117559,37.41550328,0,6,1,2.748797924,83.76815306
31.54342215,28.79338967,0,6,1,0,90.59291907
31.44277778,2.391552295,0,3,1,4.886013804,85.31005857
14.82897856,5.738834588,0,3,1,0,79.05419215
31.10514841,48.04253986,0,5,1,4.420436763,91.32227855
33.81938885,18.54013239,0,1,1,2.626603044,84.19765493
38.77186571,17.57881457,0,5,1,5.345776746,79.33000447
50.63247169,27.05053504,1,3,1,11.55448797,89.98071721
38.3751732,27.25194864,0,2,1,16.25909707,85.09848329
28.78797898,32.92566338,1,6,1,12.4979799,78.77908651
19.97098519,25.61226819,0,1,1,20.52760094,79.22226374
59.33132989,30.55417412,0,2,1,5.177764473,85.18289479
48.57108292,18.53370251,0,2,1,13.8821363,77.02503214
26.47661461,16.1823061,0,5,1,13.91513033,92.20842777
34.84143184,26.00872236,0,4,1,0,78.40656149
56.42643816,12.97695526,0,4,1,3.829854018,84.6720459
45.5693913,38.93943536,0,2,1,25.18715373,86.78419789
41.67092564,29.68125989,1,5,0,0,76.71086732
14.87248955,19.57934524,1,1,1,0,85.14040097
29.73995816,25.63772329,1,3,1,8.487437578,93.30628661
37.15024252,34.27675652,1,2,1,15.69864349,89.85144238
34.92890229,49.883444,1,1,0,0,90.11904394
26.40656762,41.47391622,0,6,1,7.914543159,81.46954768
44.85140296,42.00295583,1,2,1,0,83.3089782
30.34979281,28.24120395,0,2,0,0,94.63898402
46.16949713,29.05664902,1,5,1,18.91938064,80.53201813
24.50846284,20.80412692,0,5,1,9.733722788,83.11067897
20.16307702,21.11428619,0,2,1,7.501647184,85.44322913
14.07650317,25.6608647,1,6,1,4.074398357,86.3356293
58.78711246,29.46890666,1,6,1,9.403269769,88.78808717
31.60033581,21.44375285,0,1,1,0,89.39305305
31.39954604,40.06017286,0,3,1,0,70.38533573
35.39569003,27.14882023,0,3,1,0,86.33433776
49.71988799,24.99535391,0,3,1,0,84.43808972
25.30146674,28.13598023,0,3,1,0,90.96468483
39.11181383,33.91537751,1,5,1,17.09559836,83.43323132
27.49246969,33.1218372,1,6,1,17.36385584,81.03577406
20.61969966,27.64333205,1,3,1,0,85.78026216
43.0388449,33.41523608,1,6,1,3.717466352,89.17162302
30.71380766,25.78385461,1,2,1,0,90.60737148
32.59811657,32.21404359,0,6,1,7.438954459,85.42562659
57.21441973,30.24010632,0,3,1,12.87354474,86.38359129
20.08086586,35.34578537,0,4,1,1.898989863,89.90457495
33.90841997,43.76586482,0,4,1,2.308753126,93.05266078
43.64206892,27.43500094,0,1,1,0,87.34888971
37.96138996,21.54209425,1,5,1,12.15846056,79.31590521
29.23126363,19.74401323,0,2,1,13.83590499,87.67682353
29.84224414,50.96021585,0,2,1,1.336630459,86.37186697
54.58894212,34.6016175,0,5,1,9.189062815,82.02550318
50.05765941,31.81818107,1,2,1,6.336167813,85.06994339
26.8720609,29.31394534,0,5,1,0,84.33805836
21.29184492,36.36554723,0,6,1,1.810287486,81.68997837
30.49949375,27.7244351,0,4,1,0,81.82083499
42.30823093,11.92158829,0,6,1,3.626823133,83.26863366
20.71089115,36.55486675,1,4,1,17.79670908,73.03954148
32.89717866,20.96002524,0,5,1,13.61018542,79.75386042
16.15951217,15.54259695,0,3,1,8.377446673,86.63190466
52.64621341,32.51838004,1,2,0,0,89.90511763
65.26470256,30.71064937,0,1,1,8.294145952,77.70720674
17.22903126,35.10895725,0,4,1,0,77.40918129
45.37309348,20.06182637,1,4,1,0,80.51434569
47.73690004,34.7415618,0,1,1,1.833939255,98.11280156
35.17954709,32.68446999,0,5,1,18.22903002,97.75982414
15.9561483,30.13886223,0,3,1,10.11414497,80.2938149
42.19766635,25.8686462,0,3,1,23.30468404,81.19350047
43.74990397,24.07584196,0,5,1,4.165357528,89.45044902
20.97487002,16.72412989,0,6,1,5.380958456,88.43658164
74.47370422,26.42039979,0,5,1,0,86.06142502
2.821059161,26.23861216,0,6,1,0,84.09410445
19.37906217,30.87718368,1,2,1,4.129875151,82.53188458
12.53500516,12.58138389,0,3,1,0,89.14578671
18.35497592,11.64904819,1,2,1,0,89.64396358
40.96989895,24.2361394,1,4,1,0,81.54420888
16.00444864,8.678560487,0,4,1,0,83.51190923
49.32419665,32.45891561,0,5,1,12.85315621,89.04599716
6.937773228,23.44522903,1,6,1,4.396752425,83.01174334
23.54152815,29.13368851,0,3,1,27.95109392,87.71475408
30.83479835,28.36388552,0,6,1,0,84.66174104
11.01198356,33.2704351,1,2,1,10.69509032,85.25384887
24.23173714,24.47784823,0,1,1,12.09073015,79.70230301
50.53060929,39.7491824,1,4,1,2.981716602,83.94354463
24.36606109,38.96481256,0,4,1,3.045818931,81.93816559
25.55510064,22.14278118,1,2,1,2.874834561,85.57942622
38.19820606,21.41340624,1,2,1,0,84.2703421
27.62830953,33.14248293,0,5,1,32.85553167,97.07424828
28.99975897,9.258643712,1,5,1,0,92.9313738
43.94300081,22.83530644,1,1,1,4.868786706,71.39927413
48.63163354,37.8105443,0,2,1,19.49896646,79.6752619
37.42958098,29.03004466,0,4,1,0,83.56365063
55.27081479,24.15569069,0,6,1,2.737561024,86.16844295
14.71765706,29.75735899,0,2,1,2.104921673,87.42283018
41.14772786,22.98799024,0,3,1,8.9921138,81.36319712
36.69480003,24.16036172,1,1,1,0.572794066,81.48618912
5.555712818,34.39042268,0,3,1,1.000223255,86.78428721
19.74293238,11.07767687,0,4,1,5.45471584,83.19516936
12.74561759,18.53161559,0,4,1,6.804652115,85.48840266
32.53266913,34.610202,0,4,1,0,86.16949661
16.99637701,5.045946729,0,5,1,1.47713436,84.75011455
70.20399396,44.90564617,1,4,1,10.2674769,78.03872045
48.85609681,16.34605195,0,5,1,8.721601789,85.40447978
26.47181835,22.07054255,0,6,1,14.3833575,92.78008836
42.14200315,31.54691433,0,2,1,19.89623526,85.52448535
66.52012259,30.63806086,1,5,1,15.7891061,83.7001111
44.5101262,50.3061874,1,3,1,0.780641801,82.26367966
39.86897263,32.81392667,0,4,1,6.57480083,86.83224174
22.46332517,26.92423433,1,5,1,9.909332558,91.38314404
37.25984721,24.14523848,0,4,1,6.710516841,81.76909985
29.74279053,26.4679485,0,6,1,0,84.90075758
50.66224884,24.50481883,1,5,1,8.331429721,81.76242153
27.82096146,23.87138119,1,1,1,0,77.98580246
44.22477937,40.37308966,0,5,1,4.44803966,86.22083698
30.59634163,36.41032827,1,1,1,0,84.74216966
51.83088182,18.01222205,0,6,1,9.722682381,94.58318237
43.61549056,3.517837606,0,4,1,8.430218585,91.08530359
25.99898454,20.38048726,0,4,1,0,93.18260217
26.57432384,26.83206184,0,4,1,8.64038283,85.4357553
30.81714191,46.54774296,0,5,1,11.07739606,77.58447739
60.07252965,29.3299292,0,5,1,3.239009735,84.16344213
54.04827455,29.309363,1,2,0,15.16305208,87.49474079
45.72783956,15.0661184,0,2,1,18.35096571,86.02888782
37.47221656,40.99122895,0,2,1,3.236777939,91.9134761
47.05107015,31.45844844,0,2,1,9.882411928,85.27093512
27.69738678,19.2160651,1,3,1,5.183555729,86.64288194
44.26564995,29.22258561,0,6,1,9.085580383,95.39065468
34.14136976,30.85415527,0,6,1,13.54902323,81.3182764
46.08433854,34.86380569,0,4,1,4.969416015,83.14188275
26.04620509,26.23946679,0,5,1,27.70330087,88.8448113
43.48745683,32.9745006,1,1,1,17.94375837,88.3182297
40.54974653,39.82407058,0,4,1,0,77.33003336
39.13803674,33.44593465,0,6,1,0.775800724,74.73336852
36.91815531,43.23881029,0,3,1,0,77.83976625
10.18754196,27.33664755,0,4,1,4.987550816,92.26224397
8.63074804,7.401787908,1,3,1,12.49811164,88.17523749
25.65689024,25.23034164,1,1,1,0.102257428,79.10045029
6.996038363,2.45007833,0,4,1,0,78.47609039
28.1422374,15.42673188,1,4,1,6.637378034,83.34935945
33.84005495,29.81949405,0,5,1,35.2780795,79.65721636
42.57743989,34.44018734,0,6,1,20.31060189,77.07592645
41.09487608,30.37614909,0,4,1,10.07514598,81.64270639
33.74017197,43.41291347,0,1,1,4.430905777,87.99932242
39.0335812,27.30695538,1,3,1,17.31009262,81.16589983
47.07299511,27.87112555,0,2,1,13.03865986,81.8018604
17.15090003,14.39354796,1,3,1,14.63806795,88.32839502
2.286669172,32.45979815,1,1,1,24.67073423,79.0908296
25.73264198,31.09991444,0,5,1,0,77.25927273
20.48534767,22.17646024,1,4,1,5.72908047,80.57949421
29.94505127,31.24803772,0,3,1,0.908135681,79.6898725
46.71192617,30.44295893,1,1,1,5.953879589,85.99615048
33.74114523,15.23601026,0,5,1,0,84.06020915
19.60853711,23.48730503,0,2,1,0,84.2100663
28.42279318,22.61402378,0,6,1,0,80.46910003
13.72135028,35.12407222,0,4,0,0,77.96698831
50.08019772,44.37643682,0,4,1,6.79742381,88.37627723
56.60842549,15.68823702,0,2,1,6.802346627,85.9444558
44.99144481,41.06681925,1,6,1,20.04480316,90.29133818
51.54989559,18.05975285,1,3,1,16.77824485,91.25720918
21.90672605,43.90347225,0,3,1,0,79.11600159
45.32085575,30.64124926,0,2,1,11.65756549,82.99663341
30.51325826,39.57296514,0,6,1,12.19729651,79.90103342
41.59821109,29.51244724,0,4,1,0,83.85442628
23.53427734,32.27496204,0,6,1,0,84.85794735
34.88222916,30.98418442,0,5,1,0.160987938,88.39438908
15.43013393,24.50101133,0,5,1,10.70762156,78.49717103
26.70745298,24.87839023,0,4,1,0,87.45871524
66.23523555,22.28440341,1,6,1,11.70564088,83.55915226
29.36727438,30.43374468,0,5,1,0,80.05221455
19.26420799,38.26090373,0,5,1,0,79.21784945
59.52569067,41.3985627,0,4,1,3.127746149,79.2601253
17.75265623,18.48366711,1,2,1,0.37195323,83.54964629
39.18065049,26.62605789,0,1,1,1.912472604,85.93920527
55.7522454,43.77293398,0,5,1,12.24691571,80.68360771
26.63684605,15.44476727,0,1,1,5.148118961,82.18295614
32.83491835,29.50557369,0,1,1,0,87.55264077
44.1330892,40.17353106,1,5,1,3.50722267,91.42466899
24.2331008,15.31735722,0,3,1,0,84.444128
9.156492455,23.26677506,0,1,1,6.424241355,87.51153258
32.66948102,48.01851251,1,2,1,4.557046713,88.70426627
32.93731508,13.04837239,1,2,1,12.12365779,81.6654487
49.25555045,16.35332597,0,4,1,27.80965687,83.37647975
54.91778867,27.7139333,1,2,1,0,83.28450003
36.00080055,21.00270402,1,5,0,12.83978417,86.52623164
34.67824446,40.54134337,0,4,1,0,79.19610684
45.81414123,32.43904125,0,3,1,3.197765689,95.67275246
14.40296321,19.8114421,1,3,1,13.3857636,84.19678452
23.61263639,21.0261289,0,4,1,0,80.32360559
21.28486939,25.4028984,0,4,1,0,83.88485109
10.2170767,20.52844364,0,2,1,2.940623454,76.56446014
42.21236114,19.16563512,0,3,1,0,85.59687848
36.06461566,24.37122607,0,6,1,5.265593233,80.80057345
27.9859753,19.59559063,0,2,1,5.573488125,95.8817828
51.62492795,35.8907616,0,3,1,0,91.85025614
22.1060987,26.43886384,0,4,1,0,92.37784878
33.65840594,3.294994213,0,6,1,3.127091605,76.75170548
25.60492302,30.48289321,0,5,1,5.132828131,74.15486387
42.0640352,37.92238428,0,6,1,5.63909516,84.51109237
7.369739623,26.93650654,0,1,1,0,84.36710152
32.74638345,50.36571861,0,3,1,6.147048199,86.74754955
23.69979322,28.49526434,0,2,1,0,81.55465789
44.96724255,16.39724159,0,2,1,22.93042936,88.68259257
17.81373516,16.98879286,1,1,1,5.857478976,86.8206835
42.33879418,41.76218033,1,6,1,12.90347861,86.33684471
17.69699589,42.01307538,0,6,0,4.879069576,85.11568752
15.87804882,35.34739838,0,1,1,4.612556368,85.55438613
31.8173587,28.91803065,0,5,1,14.8863653,85.78097444
41.18971974,32.36150401,0,5,1,7.390505495,85.24323236
16.30936116,31.35044028,0,1,1,0,89.23283928
27.60852076,20.8562611,0,6,1,7.63749731,85.11709461
39.69466981,33.35385317,0,4,1,0,92.35948328
46.6947527,17.52894691,0,2,1,0,85.74246363
38.21753951,17.30904749,0,6,1,0,88.6995652
3.684373989,8.287045949,0,4,1,6.933226557,84.66228641
32.79174484,21.38021666,0,4,1,17.17430407,87.52454135
26.54430292,36.08374143,1,3,1,0,87.92485758
31.73766611,31.77398403,0,6,1,7.430171837,77.82341047
35.68125825,33.30268819,0,1,1,1.01534657,77.31421048
15.6762058,25.90633727,0,4,1,12.47869933,86.10999437
26.798582,18.17085437,0,4,1,0,88.42710919
64.28735789,31.15560625,1,4,1,18.45707612,87.4976427
41.64723453,18.24857836,1,4,1,0,80.39383994
27.53881441,9.46715068,0,6,1,5.80702552,82.36896169
37.00905231,20.65524085,0,2,1,0,84.5582653
25.37809597,17.14574548,0,5,1,21.81055651,80.26197559
43.26268847,23.79189737,0,6,1,17.166816,85.72119347
43.82412713,23.16433861,0,1,0,15.32171943,89.72001912
46.78424396,29.01686363,1,2,1,5.230652431,84.86502547
39.95893935,35.90657741,1,3,1,9.158040245,87.16262522
42.11164544,32.90024359,1,2,1,15.61802176,88.48238596
24.5210405,37.42499231,1,3,1,2.057512847,87.65236086
32.8264902,34.45668271,1,6,1,17.282136,86.89449953
42.13184481,27.70318597,0,1,1,0,87.43883405
1,56.40050766,0,5,1,0,87.04076882
43.65648001,32.84079619,0,1,1,6.551953761,77.19094491
25.83311212,50.98686442,0,6,1,2.462625903,92.44904249
48.4892533,42.83885528,1,1,1,15.5254536,93.42530808
32.4256098,17.55435225,0,3,1,0,85.06264389
45.72554761,40.81716929,0,4,1,4.084960868,81.18902643
24.37390394,5.528669812,1,6,1,8.381437458,81.09220461
33.55399905,26.41561169,0,1,1,5.771075512,85.67985527
16.16853499,23.34728185,0,4,1,0.060173923,80.12929771
44.41779309,40.1600593,0,5,1,7.597704196,85.3732307
19.52752475,22.36801721,0,3,1,6.109511697,83.75862733
41.97636295,47.20996429,1,6,1,0,81.43755777
1,27.33010675,0,1,1,0,91.66728342
31.70007861,8.050017729,1,6,1,0,82.79953827
25.00105555,27.29785693,0,4,1,3.168404415,85.30258684
34.57780067,24.96938859,0,4,1,1.177135229,78.10538199
49.71284365,26.03887487,0,1,1,2.792217762,94.14566662
24.70881433,34.71095532,1,2,1,4.550145527,94.17762942
16.62011193,23.30534246,0,3,1,12.97007864,82.86611402
53.23470273,28.37000054,0,1,1,7.863774178,82.71223741
47.45206669,25.30937725,1,1,1,4.524647979,91.54458267
36.79448866,25.09237574,1,1,1,1.61021449,77.31966877
33.25911516,21.03303041,1,4,1,0,87.67535424
25.4036537,26.3651264,0,4,1,4.013355893,90.7323018
39.19059081,34.62430889,1,6,1,0,82.70363057
41.59772942,20.31443216,1,3,1,34.92987532,89.29284021
42.82910108,41.78953644,0,5,1,11.7827694,79.44360508
43.01429123,22.07400839,0,5,1,0,77.91791997
33.09311983,29.43858288,0,1,1,13.59092483,82.86295909
46.82741498,25.03330893,0,2,1,4.253198246,82.06889879
47.96385951,28.48853415,0,6,1,4.943639687,83.27924296
38.78121071,37.2098993,0,2,1,11.89201915,79.51278766
25.27323546,25.53800645,0,2,1,0.996046595,88.19917652
45.0122435,36.71306075,0,3,1,3.935369487,89.81578829
33.6783554,24.76700059,1,4,1,14.98834346,89.11034513
9.170513611,28.02293618,0,2,1,7.23428639,86.58069739
22.5314805,28.60955102,0,1,1,10.70807563,91.11648811
29.88809324,21.50772624,1,2,1,8.655998385,90.14078873
30.44194057,29.13034692,1,6,1,9.785167907,89.38997067
36.453618,29.39207655,0,2,1,6.567475652,84.09339533
34.00861682,24.4621357,1,5,1,3.625585042,80.27648921
25.92116452,46.34003376,1,6,1,6.200937192,79.41738761
16.08793419,17.58268266,0,3,1,3.703877394,93.11496257
6.937822686,32.82965662,1,6,1,0,84.02698042
58.8659792,37.3256365,0,4,1,27.64065401,77.65187915
30.88595928,15.09218493,1,3,1,0,82.79276694
42.16192137,25.47933395,1,4,1,15.72874932,78.83323895
49.23768025,34.21910182,0,6,1,7.621491932,81.72629519
24.653168,10.36874571,1,5,1,7.32388813,87.73701827
35.3133882,28.75659079,0,4,1,11.29196537,86.05792631
25.86166405,37.80900206,1,5,1,0.91384338,86.07840115
21.88886743,22.81245893,0,2,1,6.265252232,76.86671202
56.62793796,8.687248948,0,6,1,9.478764797,82.25469909
30.44593007,31.01648362,0,3,1,0,85.25394723
11.24201778,38.75588828,1,6,1,3.055312446,85.90754868
32.41568192,31.99174628,1,3,1,10.94369075,85.9861948
23.79076884,34.08091572,0,6,1,0,91.80668757
37.9607175,16.05020687,0,3,1,8.653908202,84.25667153
27.05684253,23.09012771,1,1,1,0,83.71902526
1,36.95334198,0,1,1,5.466518383,81.8067237
14.44321858,26.51592529,1,4,1,0,90.18595212
42.08656797,33.76624535,0,1,1,9.143521625,88.87800207
32.37217106,29.83412537,1,1,1,0,82.93005195
30.30348933,26.56470459,1,4,1,0,87.78063875
43.85036915,20.43934705,0,6,1,3.870657447,76.65033054
30.10869606,30.82386411,0,6,1,14.23848236,91.89231982
37.54359994,23.50084917,0,1,1,5.349287651,86.89094389
1.635175041,29.74362419,0,5,1,2.220628393,87.86606381
10.89805579,15.1790794,1,4,1,6.145346243,89.64073887
54.80492687,16.63690844,0,3,1,7.163031881,90.48232796
29.64440903,25.83179298,0,1,1,5.554485067,88.42957285
42.42456406,46.59813595,1,6,1,1.497521109,87.69821577
60.91844979,25.53328271,0,3,1,15.28648244,90.28372296
53.35814193,25.73168946,0,1,1,12.07752853,94.65854256
24.35500502,42.70220036,0,4,1,8.019660872,79.75131247
17.76538218,38.94843484,1,2,1,0,92.03677128
18.04550533,38.61923419,0,3,1,1.997163211,88.54716525
48.74838365,4.733009255,0,1,1,0,82.5261044
12.9633943,37.8716597,0,3,1,14.71313469,83.70740793
32.7036371,21.15805704,0,2,1,16.98476139,89.50618009
66.35268477,31.86598874,0,4,1,10.6845089,74.10659258
38.30428115,27.09483126,1,3,1,5.004403206,98.62471397
65.1829905,23.28396644,0,2,1,20.73523783,83.00083674
40.59607971,24.2944031,0,4,1,21.20079082,83.91044891
14.76286617,39.51452596,0,4,1,0,76.0065596
46.55393035,20.93925247,1,6,1,27.45377549,76.90823694
44.72928687,34.19788406,1,2,1,0,95.42391254
19.7836556,32.42876409,1,1,1,1.971252416,90.03080347
40.16959342,24.93038226,1,1,1,10.68672665,87.25048891
35.25606453,26.23491543,1,6,1,16.65018901,85.57056532
32.19341774,39.83417864,1,1,1,0,84.33302906
42.33040756,41.31038907,0,2,1,40.91577566,86.96634704
40.728735,28.77956559,1,3,1,2.419849156,92.76511045
54.72194306,19.59883508,1,6,1,0,90.41101227
25.79289521,24.12483691,0,2,1,1.283774537,90.13299275
60.03584131,19.51242731,0,4,1,7.395278244,79.90535552
38.80215848,13.26554578,0,1,1,8.954065866,84.6165871
44.33966471,29.49813394,0,2,1,6.107056795,76.0517582
17.59415591,26.26124946,0,4,1,17.05315821,75.34009648
20.59342531,32.71015541,0,2,1,9.420856257,82.93236328
42.59686146,32.8019125,1,4,1,0,79.2497904
29.99378445,33.83972492,1,3,1,0.22658924,85.44868696
34.22332228,24.58489212,1,6,1,0,84.23745428
23.55196606,23.33411336,1,1,1,12.68368116,84.40326738
32.88181358,23.76325734,0,5,1,18.42384943,82.98595801
44.33132172,31.8574319,1,4,1,27.01313972,81.42144431
49.37925181,41.71946082,0,5,1,13.83595883,81.58228949
42.64764661,13.85392759,0,3,1,7.533792706,93.68449702
42.15353093,28.56872262,1,2,1,10.28527959,99.29022906
42.59363097,46.12546917,1,4,1,0,79.73361323
41.4050993,25.68820116,0,1,1,2.999544134,85.34039324
26.18708114,46.0744657,0,6,1,11.69157925,87.07208186
28.76384477,19.92037589,0,4,1,0,89.56577406
30.80611562,26.45830901,0,3,1,0,89.8041305
31.00606426,20.70434297,0,6,1,4.608969697,85.71259636
11.44372863,43.92227003,0,2,1,0.224210739,82.60952767
42.31851104,13.68844383,1,5,1,4.791129793,78.27270794
42.94948865,23.26522676,0,1,1,4.80201408,84.73696945
49.74124588,22.02061028,0,1,1,5.315371893,75.6543822
8.5464954,13.52993678,0,5,1,15.29870609,89.19712369
22.65534269,48.50066517,0,4,1,0,87.65152313
47.01002816,23.26027773,0,2,1,2.051352073,86.52036627
33.15406733,11.14346359,1,5,1,5.219572244,92.61288713
47.0249011,35.56779293,0,4,1,0,81.3607958
36.6375537,35.59655095,1,4,1,13.69187421,79.19660402
19.07121067,17.5704632,0,5,1,0,85.03321825
53.46694766,27.1287214,1,1,1,14.36441465,91.71965241
53.73219996,46.06338663,0,5,1,10.4898839,85.05092548
25.63495887,35.55938158,0,4,1,0,74.90583442
33.34075577,15.26499466,0,2,1,15.87271886,86.62491086
35.53442906,33.33202366,1,3,1,4.050593976,87.98940223
53.58640487,24.75319088,1,4,1,22.5750495,86.64290601
27.06560293,22.91574278,0,1,1,0,78.79804523
30.93010081,24.99391451,1,5,1,11.05128787,86.6946994
25.65193583,19.94710829,1,2,1,0,80.07325477
18.84351735,41.97348305,0,5,1,13.02365971,84.4911097
66.44364533,31.77867493,0,4,1,19.12905279,84.52347636
32.63042686,12.54552094,0,6,1,19.17757184,84.31648983
25.52573604,33.2024845,1,3,1,0,84.77588103
48.1739093,6.443282994,0,4,1,1.772657162,84.42819845
46.35474631,36.79517834,0,5,1,1.451280132,84.34492927
34.26169185,21.62583592,0,6,1,10.27269018,85.19310939
2.102593674,29.53131224,0,2,1,0,75.9053111
69.29265572,14.0259811,0,4,1,3.362265731,82.20227125
71.0560951,35.53734616,1,5,1,5.786932375,89.2366595
30.95093796,34.88687009,0,4,1,8.365672868,91.77074847
58.50773623,27.46535654,1,1,1,5.170641595,91.21430263
26.02358642,22.32852504,1,1,1,11.68559324,80.23700817
48.51971578,34.45037271,1,3,1,0,85.16923794
13.85851877,32.83198061,1,6,1,13.96161295,79.76145001
39.68728954,30.88551211,0,1,1,28.34025467,85.06305968
45.17506318,42.93079425,0,6,1,0,88.77534368
18.25024511,30.25999024,0,4,1,7.5271213,87.59404813
44.34586082,26.59486175,0,1,1,0,85.57951671
34.37057459,17.79131594,0,4,1,3.432237773,88.42861115
29.55260899,44.082218,0,1,1,0,91.28691422
20.41071973,37.26257248,1,5,1,0,85.86103882
13.71911259,40.31205888,0,3,1,5.139306969,91.68062519
18.51993209,55.652293,0,3,1,0,89.11073181
36.405738,36.29184234,0,3,1,15.68797982,95.53648255
22.88761973,17.6507715,0,6,1,0,86.85811102
34.52827957,45.02630544,1,5,1,5.340566905,95.44744088
21.91139339,36.02734282,0,6,1,0,85.69319197
27.5704063,26.18594633,0,6,1,0.801118147,86.0306056
21.22778791,27.67511312,1,4,1,9.788431626,91.42383838
14.3255986,35.2907284,0,5,1,17.37376556,93.92074397
20.62496155,8.085220173,0,5,1,8.827595228,84.68145558
39.59036699,29.3590656,0,1,1,15.8835577,93.41226492
21.16780588,25.18970407,0,1,1,1.226764872,81.72732619
21.49323853,21.35803361,0,1,1,2.326400721,84.07841058
36.14562417,42.74020369,1,3,1,0.056042777,76.35984872
32.60705534,16.33268505,0,5,1,4.974509064,87.08719472
1,3.151688774,1,1,1,3.797872137,76.63127262
51.590194,33.08381131,0,4,1,0,92.66730613
44.77213327,32.87604594,1,2,1,0,83.44752707
51.63002448,9.814666934,1,4,1,0,92.05281512
15.89230245,20.56542579,0,6,1,0,79.95611688
49.14088339,22.78617733,0,6,1,0,86.55235097
34.27330189,42.84953625,0,4,1,3.077744368,80.05108786
16.1125654,23.35307148,1,3,1,13.20940762,92.72286481
25.09288356,38.02166776,0,4,0,11.79562325,82.22266832
26.27494766,10.74452344,0,4,1,2.178499566,85.87173578
20.43375148,28.71420901,0,5,1,0,89.18994544
30.27523676,22.18598816,0,3,1,19.54972955,85.71223623
1,7.901183214,0,3,1,18.23891795,86.69127201
60.59928587,43.31914941,0,4,1,0,87.4813069
34.93526557,18.14177523,1,1,1,11.14685365,80.28633034
23.89971491,14.76117702,1,6,1,5.667064837,80.41787293
22.04282486,18.39906076,0,5,1,0.09810572,81.04755346
12.04134245,11.4868701,1,1,1,10.50808956,83.60864753
39.26011026,27.70981173,0,4,1,0,80.53326408
37.44578191,39.48080216,1,1,1,0.29970909,80.12219226
44.03149232,44.88344723,1,6,1,3.863756457,81.67289922
32.0190719,7.24623418,0,6,1,0.408484177,84.13867494
29.12010485,24.01808361,1,1,1,9.444447012,80.92731661
37.28591013,28.51243456,0,2,1,5.76465592,82.86431452
20.71167675,29.61750603,1,4,1,5.693541735,82.69158898
5.166614549,29.96112582,0,4,1,5.682765255,77.82510511
19.09642,39.5778101,1,5,0,14.95379785,90.07044266
16.36559148,17.59646741,0,6,1,0,81.85299009
42.34053724,26.12264198,1,5,1,5.203789859,83.52413031
19.21739886,36.28416323,0,4,1,8.984301862,86.81326936
16.16491961,31.38937983,0,5,1,3.00869454,86.1222737
39.97535184,27.81299683,0,3,1,2.543605984,80.17190324
32.4990501,18.92128652,1,1,1,0,80.51570353
17.61539582,25.34680219,0,1,1,5.319235949,90.96167766
57.45689345,38.95767779,0,5,1,10.19520526,89.82455514
32.26141963,37.96435277,0,2,1,3.899897704,78.81660926
24.0619666,55.95171875,1,4,1,0,91.76747694
31.06270435,17.96910655,1,6,1,0,81.41101145
1,37.36511961,1,4,1,12.24932216,86.83753961
26.90551171,42.21482299,0,6,1,17.87193826,85.32195836
10.57074532,33.56502374,0,5,1,6.755809726,86.38205429
35.4089855,14.81294898,0,4,1,0,82.14617594
20.46823303,22.45299728,1,2,1,6.759999489,79.30470386
25.70996583,20.18175798,0,4,1,0,82.75181561
37.52939665,24.17173561,1,2,1,12.90361368,84.38002383
60.07446455,42.94838901,0,2,1,22.65698298,78.04827018
15.36503583,33.07049836,1,6,0,13.41931609,89.66139838
67.89211918,22.74827328,0,4,1,4.675676661,89.66092843
36.48714505,22.95739307,0,4,1,20.94711999,90.67749575
19.85271575,32.60154413,1,3,1,17.19388887,84.96161161
22.31537581,20.81751475,0,5,1,8.461242213,88.70285223
10.49641643,32.84270655,0,3,1,25.70972756,85.04805372
19.74437769,27.45284401,1,6,1,0,78.04063928
37.32014207,43.2989808,0,4,1,6.385407537,86.79105206
24.74379136,43.60875252,0,4,0,12.44612286,88.16588958
23.10382036,34.11353883,0,3,1,8.388167191,77.55047702
28.64564444,19.09745922,0,5,1,0,82.35770111
41.48867671,27.39535704,0,5,1,20.32351565,82.30985531
17.08561149,15.44616278,0,5,1,18.23754108,94.2406929
59.40071791,29.3864818,1,1,1,7.019735141,78.06947716
32.16768891,33.81450452,1,5,1,0,87.86431229
46.73673763,30.16817973,0,6,1,6.371519047,85.70179124
27.70591261,35.26334196,0,3,1,0,89.32153114
24.75274933,17.37078227,0,5,1,9.847589611,80.92953664
56.65112916,31.99668586,1,6,1,1.265236174,82.69120134
32.8012504,39.84488503,1,1,1,0,80.46851105
18.32302075,36.84658678,1,2,1,0,76.73269114
41.28528136,18.71955327,1,3,1,0,83.53752488
35.3094343,43.30783057,0,5,1,0,85.42334874
36.4517527,40.97094399,1,1,1,0.902625501,84.09432637
31.25781808,18.67766875,1,4,1,9.431311705,80.4083561
42.68445849,35.16762397,1,3,1,11.64133453,79.83560947
54.87896577,31.02481592,1,1,1,0,85.83124426
7.651909949,31.05679307,0,3,1,1.137760934,90.10781313
17.07769138,17.58950058,1,5,1,0,85.93388816
18.75602387,28.2374671,1,6,1,15.23503427,81.71763841
49.9426138,12.29715536,0,1,1,0,80.77276828
16.39797963,14.10048202,0,1,1,3.620280972,79.17258872
55.34481175,25.11832757,1,1,1,0,90.17956491
42.53613526,36.41227981,0,3,1,6.522293848,74.58007691
3.579302556,30.04808921,1,6,1,5.79979237,82.90549999
56.22092232,34.13674711,0,3,1,0,91.3858306
28.51454666,26.85130204,1,5,1,3.046431751,86.98932149
29.69752923,32.32826016,0,2,1,10.67625596,89.51970029
41.60256328,31.14488348,0,1,1,19.29404128,91.83684936
50.41445361,13.01881862,0,6,1,14.61270087,78.70957041
23.31071191,28.93852092,1,5,1,7.391095313,88.40296529
49.82956504,25.93776585,0,1,1,1.548414644,81.94170545
35.5412552,36.79830903,0,2,1,36.86843658,93.5090076
46.69585546,25.70279705,1,3,1,5.061155842,81.06254831
43.26536323,40.85771816,1,5,1,0,84.44099316
21.98486377,34.28688571,0,6,1,12.54378437,77.34979387
34.03027621,37.35823134,0,3,1,10.89473004,80.41051986
55.06054332,30.79804118,1,5,1,6.309074057,82.1482324
66.54581066,40.40012213,1,5,1,15.12955587,78.38378008
16.69090754,23.29800471,0,3,1,0,73.74465969
12.83937611,11.69521406,0,4,1,0.349778614,79.74265382
43.6680155,37.01019569,0,5,1,22.9454572,83.79980026
18.96134262,52.6672902,0,6,1,3.729428402,80.15758771
45.64744918,44.71651643,1,6,1,0,92.11339779
7.447372318,27.54637236,0,5,1,18.02732542,87.00836408
22.04292025,41.92343698,0,6,0,17.45054968,79.91512533
20.90495791,33.01351512,0,2,1,2.18203792,86.43229039
27.09851225,44.68143707,0,1,1,8.356522303,87.79671366
27.98845643,15.37348862,0,3,1,0,80.2155901
36.17323357,26.43918134,1,1,1,0,92.18867053
20.64466157,46.42383633,1,4,1,20.20164831,80.64804072
7.766668223,23.42669514,0,4,1,0,80.8891098
15.70627916,17.11823052,0,6,1,0,77.19892782
14.03501931,28.96711265,1,2,1,0,86.50042202
53.21375983,36.62120734,1,6,1,23.37114064,89.24647293
42.31322415,27.7244854,0,1,1,1.086759793,74.84109153
23.90976066,12.34201097,1,3,1,0,82.02318305
20.02399371,15.14164401,0,2,1,0,88.88719521
33.46797982,43.730509,1,3,1,8.767574331,84.03121687
29.37423533,27.99280782,1,1,1,0,81.814073
41.65434436,17.58735904,1,4,1,6.423828499,77.08760205
33.22185478,26.5666152,0,6,1,4.961896133,80.7726987
3.227725227,21.61518652,1,3,1,13.50440925,82.88246485
33.24704702,41.38765934,0,1,1,18.88525823,80.90222696
39.44980824,19.28391448,1,6,1,6.658127354,82.94148339
64.41053439,5.999511334,0,4,1,0,84.95507076
23.83406337,35.38594754,1,5,1,11.55983393,83.72280591
29.01296826,33.35346358,0,1,1,33.87345904,84.63494424
58.95616545,43.64798639,1,5,1,0,79.85058476
38.41430656,29.76649728,0,4,1,0,90.2894694
33.08069925,27.4830269,1,1,1,20.02377001,93.17046526
30.57357814,33.09112278,0,6,1,6.137251164,90.17836825
30.65250095,22.7066705,0,1,1,2.927685574,81.51318435
16.61763201,35.65941621,0,2,1,19.88613034,75.67894304
44.81421801,48.3064217,0,1,0,0,79.9614219
28.1392792,42.02959342,1,6,1,0,89.35832837
42.78191555,15.64793379,0,6,0,0,85.46592614
52.66611208,18.63147045,0,3,1,3.798315878,88.54540809
37.12457968,18.88248713,1,5,1,9.92618629,80.8724556
42.07952781,35.69218786,1,3,1,0,82.04173329
44.81946596,31.66587025,0,1,1,10.44113658,86.74398718
50.87915489,17.45072467,1,4,1,0,81.11104731
45.47022997,36.84618434,0,5,1,17.13107254,71.53654591
26.03989426,42.2840321,0,4,1,0,84.19441435
30.33168372,36.83533461,1,6,1,0,86.37703674
42.28262498,29.52480547,1,2,1,12.43924854,86.32218485
40.27625734,35.19261593,1,1,1,0,89.13517309
48.83782444,13.49801111,1,2,1,15.03996457,87.88196437
28.4793796,26.62410721,0,1,1,0,85.40151149
17.46289563,39.34256055,1,1,1,18.69158956,84.24047335
30.3084302,48.12239511,1,3,1,5.257777052,90.60043428
17.89661413,20.239436,0,2,1,19.26892652,83.0942068
45.3789624,39.53910153,0,6,1,0,81.90199341
25.99044645,25.66913085,0,2,1,0,88.238231
16.64521447,8.587574711,0,6,1,0.117507229,87.88448091
6.69678542,20.4443223,1,2,1,0,85.25870796
17.56927343,21.90628075,0,5,1,3.457575157,88.22971019
39.86634893,16.2575119,0,4,1,11.49315138,84.48653597
26.69483633,40.85299482,0,6,1,10.52125277,85.80851446
50.36617136,36.06815257,0,2,1,2.07610501,74.41703835
16.27558853,29.71160899,0,6,0,5.156894474,89.66839078
32.89927721,38.36598764,0,5,1,15.70848478,87.11065926
21.32543053,24.15223253,1,3,1,3.728504869,79.60571447
35.6317007,33.48909072,0,1,1,4.893130113,72.72806923
53.5328926,27.10748353,0,2,1,1.732003131,84.86261976
26.85856438,32.44670135,0,2,1,1.708350306,88.0739887
25.1959565,30.7436171,0,3,1,0,81.37248426
30.56650727,23.17728668,1,2,1,23.69335097,90.4087538
27.15354473,19.28422596,0,4,1,0,79.34733711
1,14.4725564,1,1,1,0,90.0712715
35.36460316,17.59528653,1,5,1,22.28668495,86.37875127
53.70025349,36.14157685,0,3,1,0.685027708,82.99900882
30.89461486,32.36937693,0,3,1,0.440834378,80.70083592
32.46672936,39.84513061,0,3,1,10.30049494,93.08712184
1,17.53565814,0,4,1,14.61058449,82.90450386
38.56170456,31.4753671,1,1,1,0,94.0959674
44.37412221,27.61194858,0,2,1,0,79.64866425
52.76012005,17.02280584,0,5,1,0,86.4020087
20.31197211,29.21208193,0,5,1,19.64956384,86.90348243
48.40100317,22.44273728,0,5,1,3.57787421,87.9113452
15.77340767,27.47621264,0,2,1,0,93.15661581
29.6140528,14.50875218,1,5,1,0,81.10450546
50.98438623,33.44344296,0,3,1,0.762454324,81.98295918
38.3763104,18.19155698,0,5,1,0,85.62520855
31.40447746,34.99824558,0,2,1,6.883116518,86.94249868
43.96514599,35.61344045,0,5,1,9.586419882,86.08365814
24.72025589,7.354076634,0,1,1,3.485344017,91.17732914
39.75426001,21.19680726,0,1,1,0,88.06325427
14.3608096,21.01731532,0,2,1,0,89.20961456
47.20474275,16.88670543,0,1,1,0,84.29061693
34.67523327,15.42303336,1,5,1,0,83.77380369
12.17049079,32.49729292,1,2,1,0,85.48099911
36.81144392,28.6051622,1,6,1,3.077868587,83.94442801
34.07139085,25.15968394,1,4,1,5.93946639,82.25769457
55.83469509,34.63671536,1,1,1,4.892015471,81.66904211
12.81542149,24.54517959,1,6,1,4.758479393,95.20131636
39.88572452,38.16463186,1,6,1,0,77.28650219
54.05729331,44.69987895,0,4,1,13.93229421,86.89582305
34.97543501,40.31281603,1,5,1,9.846334962,84.5110104
39.84309655,37.11193402,0,4,1,0,84.96013242
1,21.48214252,1,5,1,8.733796342,91.26358287
35.5655951,33.48423419,0,1,1,0,84.88729336
35.89557153,20.25909227,0,3,1,4.323309072,86.3055014
20.89020006,17.23272174,0,4,1,0,75.86634758
12.96484709,30.35733324,1,1,1,27.62822882,90.87275494
64.19314307,32.81715585,0,2,1,10.84295853,83.16748895
51.75381294,29.78533425,1,6,1,14.3423284,89.68425802
15.10063528,25.79113959,1,4,1,12.53756113,88.42350279
57.72279153,33.0611717,1,1,1,0,91.99638755
31.19277624,42.07553041,0,6,1,0,84.33979996
13.87471674,19.69188259,0,6,1,0,85.40988957
49.38581303,36.7740894,1,5,1,0,85.29581456
35.2844747,51.77179333,0,3,1,0,80.84561944
58.92306436,12.24010318,0,6,1,2.859555979,85.96829098
49.72467382,32.72956914,0,5,1,6.288457164,77.43684911
28.89556161,12.88141737,0,5,1,19.30441244,84.30660814
29.20096428,23.62941643,0,1,1,0,86.71468468
23.94105243,28.151372,1,6,1,8.259778152,77.98038913
48.91132072,45.21226893,0,6,1,0,86.11422632
20.53110806,38.10996968,0,6,1,0,87.69403126
45.84286228,17.0931706,0,5,1,18.44631587,90.98729365
52.85917068,16.33430941,0,1,1,24.19194495,76.14078708
42.67299979,41.56241812,1,2,1,2.561845881,94.33278792
44.23561102,22.06947714,1,4,1,7.881169938,88.38573989
47.48097144,30.23822226,0,6,1,0,80.0474232
24.40999145,45.99728149,1,5,1,1.696544341,77.32755902
35.14222116,19.8013035,1,3,1,22.28763418,77.81604273
10.89237337,23.54911645,0,6,1,4.112853719,90.29843641
17.54993147,39.4764439,0,4,1,11.31521694,85.6743035
25.84374097,7.253652118,1,2,1,1.05109233,76.53253354
43.60864747,22.099391,0,5,1,0,77.19702246
33.17307421,17.09291184,0,6,1,8.779522131,90.32151961
9.109165392,20.99456558,1,1,1,0,73.95647134
31.37722198,27.22857437,1,6,1,0,83.332681
29.01587419,18.83293521,1,6,1,20.86424578,90.00397408
19.78772755,16.04005275,0,6,1,2.925849388,81.51480015
45.93671175,5.889416802,0,1,1,0,84.50378069
69.15302069,15.093939,0,1,1,13.57557611,80.21602533
41.66435846,19.63589316,1,2,1,1.021302588,83.40877288
41.69076234,22.63114232,0,1,1,1.762522625,86.69704285
49.62484666,26.12808185,1,6,1,0,83.76067251
56.37218229,24.09233347,1,6,1,0,86.42990677
41.57430761,38.21497706,0,3,0,11.11606829,86.22631312
34.43130087,21.50505826,0,6,1,0.892085573,81.69893642
25.25027018,32.56404855,0,2,1,0,92.69312993
41.6894804,36.90261347,0,5,1,1.481101148,91.22590981
54.89535851,32.13412688,1,6,1,13.04012691,80.23616105
39.35193552,30.85001323,0,6,1,15.61637983,79.99805654
23.33570797,33.79113123,0,6,0,0.955935506,82.37985447
42.4670535,8.812332268,1,1,1,3.116224542,83.828365
19.03975316,25.56181022,1,2,1,8.694268696,85.04716077
52.57506452,35.49072759,1,1,1,6.182426995,88.0119471
19.64432352,26.88956196,1,3,1,12.92938061,81.34656245
30.20463253,38.65647235,0,2,1,1.483617483,84.62650782
18.0582437,22.05592514,0,1,1,34.28205926,69.47852576
22.83635494,43.9507546,0,1,1,16.31630756,81.76218758
32.53407758,30.07808201,0,2,1,6.486328812,80.40974774
41.52766975,26.37406699,0,6,1,0.969232221,82.35145556
26.82675509,18.63505547,0,6,1,3.657934989,86.33670485
17.62408499,27.22959057,0,1,1,0,82.16811701
38.64576024,24.00292933,0,3,1,3.000627788,81.48715576
56.79667996,26.47908706,1,4,1,10.66905508,85.69733427
12.48814874,18.04339362,1,4,1,4.564826211,78.37113143
35.35727446,13.82454218,0,2,1,0.154233295,90.87672924
62.81331262,22.84906883,0,4,1,0,88.95715802
19.44666718,27.56488261,1,5,1,7.069449469,84.55652507
77.69557183,36.30385613,0,5,1,7.72944117,92.17563663
34.82807975,28.36712062,0,3,1,11.37260663,92.77628087
23.95490535,18.78876859,0,3,1,12.66203294,85.03680448
32.05741296,16.73525475,0,4,1,19.6945399,76.84151718
28.3394363,27.00212248,1,2,1,1.862237042,84.9419875
34.26077544,33.12888373,0,1,1,12.8594784,87.23477925
33.78135492,27.93374769,1,2,1,16.44350638,88.1504189
46.0765431,45.43662183,1,3,1,6.70368045,89.55888778
29.80415798,26.64380602,1,1,1,0,83.7323749
45.14916318,22.5291371,1,2,1,9.326319594,93.01290967
36.15669777,9.429499526,1,4,1,3.849785063,79.81682174
37.61389738,37.80568579,1,3,1,0.785198588,76.74161791
24.29875803,35.13896553,1,3,1,4.573746238,91.17281591
30.15175497,24.33005808,0,1,1,19.06547595,92.23155579
30.65918194,26.13340218,0,5,1,0,86.22022814
40.41029474,31.92444106,0,1,1,10.81856326,82.02331639
35.25514979,28.94081761,0,2,0,10.54432103,89.74262115
40.07729007,12.9153037,1,1,1,15.58751626,82.03934429
57.18274658,42.39768912,0,2,1,22.08392411,85.84386556
40.7824851,21.6728942,0,1,1,5.457971179,88.93392847
74.05148449,28.27887836,0,3,1,0,89.42594415
21.00012656,48.13461794,0,6,0,0,81.57535348
15.40705259,38.15941448,0,6,1,17.65971161,87.955812
38.82665813,25.28083856,0,2,1,11.3148729,88.29166801
25.64950859,16.68121843,1,1,1,0,84.54349362
68.30126006,18.71267472,1,4,0,4.186528325,83.54445694
32.93872174,29.88102314,1,2,1,2.784038057,82.87623033
43.40204048,19.00635256,1,5,1,3.789837145,85.53457112
21.52854187,40.78785229,0,2,0,10.01730118,83.59905557
39.61861629,18.09629888,1,2,1,0,87.92738226
43.48901299,27.27124198,1,1,1,25.60208593,91.5201267
10.05478082,10.01098512,0,5,1,11.71929801,85.29839649
34.72634821,36.51197308,0,2,1,0,87.60304245
23.03563674,40.62750249,1,2,1,8.151435273,88.87724086
21.38701846,26.9496166,1,4,1,0,90.55778079
24.78353598,28.82909263,0,3,1,6.0033151,93.71843304
51.11843486,16.82953385,0,3,1,15.83808197,82.14021843
27.85657,35.79574378,0,4,1,11.91069898,87.04638836
16.91981754,20.35357919,0,4,1,9.598336104,83.71870819
32.47859173,32.46650319,0,4,1,6.570368006,87.88262332
39.77810336,30.20192841,0,1,1,0,88.46828549
35.57252484,31.33687903,0,5,1,0,80.0538211
49.00060061,36.65770568,1,3,1,10.97785634,71.07041393
40.60042008,27.7014387,0,6,1,0.578891653,83.46427988
37.36791721,29.11136871,0,2,1,0,81.80095324
5.221390753,30.53987071,0,6,1,0,80.40629743
46.31132553,16.67728377,1,5,1,0,66.68431414
49.77548739,15.1448601,0,3,1,10.73352292,87.81565597
24.19496285,9.62760771,0,3,1,16.97259974,80.16286237
39.24774404,18.24927867,1,1,1,6.807424489,85.30980085
42.83813267,10.74256142,0,1,1,4.940703298,91.41060457
27.40352589,40.36301542,1,5,1,13.85488256,77.35737057
41.13895857,27.32137056,0,4,1,0,87.43732542
16.23965625,25.07042974,1,1,1,0,78.26313924
1.991885572,21.42465144,0,2,1,6.067939587,88.62033154
6.267673678,15.45150627,1,1,1,5.819085091,76.78892167
40.75944872,3.223055,1,6,1,0,82.2982786
51.75745452,30.12091073,1,6,1,23.3376999,77.47356252
23.42217356,28.56194812,1,4,1,18.15271308,80.72161362
43.78513913,32.49329337,0,3,1,0,85.4664406
18.1866875,26.39272531,0,2,1,7.069653383,93.63976994
24.0905988,47.12727461,0,5,1,5.757257866,92.36270203
32.3547717,19.47587539,1,6,1,10.14750349,84.16681943
68.67501901,29.11188524,0,4,1,0,92.12775628
31.82979487,10.66759945,1,5,1,16.1054613,85.06063321
25.13588863,18.34357633,0,3,1,5.030321614,89.91070211
12.20668297,38.51954955,0,3,1,0,88.98153986
38.05863324,33.19833875,0,5,1,7.968011528,90.78752014
50.24953079,40.95289247,0,3,1,9.667365853,92.24773858
36.44452561,42.7068528,1,1,1,27.22122603,87.44565422
12.26877698,14.90481626,0,5,1,0,88.15431383
26.7293685,30.04693722,1,6,1,13.08894039,83.56864515
22.2784613,31.88664889,1,6,1,12.9784605,82.28671641
19.62707512,20.40411358,0,3,1,0,90.78310527
35.57169521,31.67950393,0,6,1,15.46881064,82.66899924
38.49197706,18.20597883,1,2,1,0,82.88940769
1,27.38237093,0,6,1,11.67515548,81.44645334
26.73474753,28.26742024,0,4,1,10.5003173,83.73265238
35.85869517,19.36395637,0,3,1,0.046775472,84.05196868
35.35862947,28.9242343,0,4,1,8.260757857,88.95818824
23.88958664,35.91402615,0,4,1,5.767652144,75.17454652
18.65245628,38.20651358,0,5,1,6.848851806,88.90314935
43.01133549,13.43739577,0,6,1,3.773301301,90.78456767
17.12623477,36.43650575,0,2,1,0.92720214,78.21979769
28.74344589,22.21971782,0,1,1,9.343329266,82.85783339
34.12718388,44.40507603,1,1,1,21.23683724,87.68180787
41.63082553,37.02120925,0,1,1,2.674143743,87.77606803
35.39267156,22.63441935,1,5,1,17.1683884,76.52437942
61.61762598,30.15499294,0,3,1,12.05943499,77.81143053
5.009117139,41.818158,1,6,1,0,78.6032752
35.47394948,29.62107047,1,1,1,14.57565845,89.54119712
38.29714892,34.27820008,1,5,1,17.94957562,83.57949427
54.71180828,25.31617305,1,3,1,0,78.7267821
27.0300897,15.92408111,1,6,1,9.981253218,88.32809822
35.2140647,40.93776468,1,4,1,12.00930545,82.23167825
15.60384854,28.56132016,1,6,1,11.24655455,88.82697709
44.11645553,22.75388425,1,5,1,18.74515721,91.93752062
27.32262854,40.64713369,0,1,1,11.82974501,86.95222195
62.10548812,39.52737504,0,1,1,0.881305704,79.94066063
24.19242456,27.28218068,1,1,1,8.315871285,88.38412078
78.36667147,19.51011103,0,5,1,0,85.50296614
44.84802227,23.223234,1,4,1,6.941966179,77.50362649
14.37890009,43.94675415,1,3,1,7.701380347,77.83864792
38.97163629,27.68834739,1,2,1,0,78.81737912
34.03953242,17.49407008,0,2,1,0,79.80029904
33.67386402,46.09694918,1,3,1,0,80.6401459
51.98379295,37.85953358,1,2,1,12.22643268,84.24629933
11.10899214,32.25453749,0,3,1,3.239094607,85.3152874
29.63606353,18.55332958,1,2,1,0,82.9121463
61.14762809,37.28679513,0,5,1,4.231173492,78.41065055
55.40497946,20.81726536,0,1,1,0,85.49723544
30.72241806,40.05595479,0,1,1,0,86.66358848
47.40803482,20.75199505,0,3,1,21.10214814,91.54825782
60.13692494,27.5139214,0,1,1,0.574681695,79.66517429
29.24208413,15.28048206,0,3,1,0,90.07242313
43.52688001,25.14823155,0,3,1,0,87.58000941
4.987256859,17.97674069,1,6,1,9.623088083,95.26272691
36.2949498,40.51662772,0,1,1,4.058438161,87.71921067
21.75221424,25.32849832,0,2,1,1.892881183,92.57519647
43.19786419,47.37810199,0,3,1,14.99601696,76.41436779
48.31179402,37.30297276,1,2,1,17.65004175,90.08105322
38.58219382,34.09507518,0,4,1,4.606590924,89.81309077
44.3772783,12.9231812,1,4,0,0,96.33574093
40.98809232,24.1873109,0,4,1,9.835292787,86.24201233
38.83937766,37.33764944,1,5,1,7.205512484,82.4824649
40.59099791,14.64566105,0,3,1,0,85.37424904
29.76505289,29.80730777,1,1,1,0,82.33763668
5.149952214,36.54669511,0,1,1,1.910977687,83.04304515
20.92950503,24.05340378,1,4,1,7.374067284,88.47185787
15.27022936,13.43512585,0,1,1,3.324935619,80.8223574
25.01547065,22.91471585,0,5,1,18.38303601,80.85243418
37.56601619,31.80451463,0,1,1,0,77.7159016
13.70351129,25.58317759,1,6,1,8.427500935,91.34028629
39.23564562,41.06051858,0,3,1,1.958845234,83.56956343
12.36364459,5.661561395,0,1,1,20.49945503,81.29814877
41.51903376,31.93780826,1,2,1,10.60665641,86.8748007
16.62220183,25.5642953,0,6,1,0,88.52370648
12.18360763,19.77238289,0,6,1,0,86.14414411
44.25933253,22.94973432,0,1,1,10.13299942,84.51396397
41.89920252,38.57745454,0,4,1,5.599814062,81.94385781
43.86596155,17.97946967,0,5,1,0,81.59691104
46.3459345,32.61341186,0,4,1,0,82.80415638
21.9901763,24.07235784,1,5,1,0,85.48210339
31.81846948,29.77811508,1,1,1,5.650651728,86.38285027
55.50506367,35.75209987,0,6,1,21.11559432,85.99215214
17.89906512,26.9673529,1,4,1,9.197253567,83.15945409
24.75745944,26.63039286,0,2,1,0,87.23522036
34.27604471,42.47965785,0,4,1,2.141615126,88.65363617
